{
  "type": "minecraft:block",
  "pools": [
    {
      "rolls": 1,
      "entries": [
        {
          "type": "minecraft:alternatives",
          "children": [
            {
              "type": "minecraft:item",
              "name": "minecraft:deepslate_diamond_ore",
              "conditions": [
                {
                  "condition": "minecraft:match_tool",
                  "predicate": {
                    "enchantments": [
                      {
                        "enchantment": "minecraft:silk_touch",
                        "levels": {
                          "min": 1
                        }
                      }
                    ]
                  }
                }
              ]
            },
            {
              "type": "minecraft:group",
              "children": [
                {
                  "type": "minecraft:item",
                  "weight": 10,
                  "name": "minecraft:diamond"
                },
                {
                  "type": "minecraft:item",
                  "weight": 1,
                  "name": "minecraft:diamond",
                  "functions": [
                    {
                      "function": "minecraft:set_count",
                      "count": 2
                    }
                  ]
                }
              ],
              "conditions": [
                {
                  "condition": "minecraft:match_tool",
                  "predicate": {
                    "enchantments": [
                      {
                        "enchantment": "minecraft:fortune",
                        "levels": 1
                      }
                    ]
                  }
                }
              ]
            },
            {
              "type": "minecraft:group",
              "children": [
                {
                  "type": "minecraft:item",
                  "weight": 5,
                  "name": "minecraft:diamond"
                },
                {
                  "type": "minecraft:item",
                  "weight": 1,
                  "name": "minecraft:diamond",
                  "functions": [
                    {
                      "function": "minecraft:set_count",
                      "count": 2
                    }
                  ]
                }
              ],
              "conditions": [
                {
                  "condition": "minecraft:match_tool",
                  "predicate": {
                    "enchantments": [
                      {
                        "enchantment": "minecraft:fortune",
                        "levels": 2
                      }
                    ]
                  }
                }
              ]
            },
            {
              "type": "minecraft:group",
              "children": [
                {
                  "type": "minecraft:item",
                  "weight": 3333,
                  "name": "minecraft:diamond"
                },
                {
                  "type": "minecraft:item",
                  "weight": 1000,
                  "name": "minecraft:diamond",
                  "functions": [
                    {
                      "function": "minecraft:set_count",
                      "count": 2
                    }
                  ]
                }
              ],
              "conditions": [
                {
                  "condition": "minecraft:match_tool",
                  "predicate": {
                    "enchantments": [
                      {
                        "enchantment": "minecraft:fortune",
                        "levels": {
                          "min": 3
                        }
                      }
                    ]
                  }
                }
              ]
            },
            {
              "type": "minecraft:item",
              "name": "minecraft:diamond",
			  "functions": [
                    {
                      "function": "minecraft:explosion_decay"
                    }
                  ]
			  
            }
          ]
        }
      ]
    }
  ]
}